{
  "name": "Martyr",
  "type": "class",
  "img": "icons/magic/death/skull-bones-worn-brown.webp",
  "system": {
    "description": {
      "value": "<p>The Martyr understands that suffering is the ultimate path to self-realization. They obtain their powers through a profound connection to either the Sun or the Moon, aligning with paths of Mercy or Vengeance. Whether channeling the benevolent radiance of the Sun for healing and protection, or the wrathful shadows of the Moon for inflicting suffering, a Martyr's power is forged in sacrifice.</p><h3>Hit Points</h3><p><strong>Hit Dice:</strong> 1d10 per Martyr level</p><p><strong>Hit Points at 1st Level:</strong> 10 + your Constitution modifier</p><p><strong>Hit Points at Higher Levels:</strong> 1d10 (or 6) + your Constitution modifier per Martyr level after 1st</p><h3>Proficiencies</h3><p><strong>Armor:</strong> Light armor, Medium armor, Shields</p><p><strong>Weapons:</strong> Simple weapons, Greatsword, Maul, Heavy Crossbow</p><p><strong>Tools:</strong> None</p><p><strong>Saving Throws:</strong> Constitution, Wisdom</p><p><strong>Skills:</strong> Choose two from Athletics, Intimidation, Medicine, Persuasion, Religion, and Survival</p>",
      "chat": "",
      "unidentified": ""
    },
    "source": "Martyr Class",
    "identifier": "martyr",
    "levels": 1,
    "hitDice": "d10",
    "hitDiceUsed": 0,
    "advancement": [
      {
        "type": "HitPoints",
        "configuration": {},
        "value": {},
        "level": 1,
        "title": "",
        "icon": "",
        "_id": "hp001"
      },
      {
        "type": "ItemGrant",
        "configuration": {
          "items": [
            {
              "uuid": "Compendium.dnd5e-martyr-class.martyr-class-features.vengeance-mercy-resource",
              "level": 1
            },
            {
              "uuid": "Compendium.dnd5e-martyr-class.martyr-class-features.martyrs-insight",
              "level": 1
            },
            {
              "uuid": "Compendium.dnd5e-martyr-class.martyr-class-features.double-edged-blade",
              "level": 2
            },
            {
              "uuid": "Compendium.dnd5e-martyr-class.martyr-class-features.martyr-spellcasting",
              "level": 2
            },
            {
              "uuid": "Compendium.dnd5e-martyr-class.martyr-class-features.mortal-devotion",
              "level": 3
            },
            {
              "uuid": "Compendium.dnd5e-martyr-class.martyr-class-features.retribution",
              "level": 3
            },
            {
              "uuid": "Compendium.dnd5e-martyr-class.martyr-class-features.exact-vengeance-merciful-patience",
              "level": 5
            },
            {
              "uuid": "Compendium.dnd5e-martyr-class.martyr-class-features.crimson-omen-radiant-omen",
              "level": 7
            },
            {
              "uuid": "Compendium.dnd5e-martyr-class.martyr-class-features.improved-sufferance",
              "level": 9
            },
            {
              "uuid": "Compendium.dnd5e-martyr-class.martyr-class-features.blood-thunder-sacrifice-atonement",
              "level": 10
            },
            {
              "uuid": "Compendium.dnd5e-martyr-class.martyr-class-features.indomitable-presence",
              "level": 13
            },
            {
              "uuid": "Compendium.dnd5e-martyr-class.martyr-class-features.improved-retribution",
              "level": 14
            },
            {
              "uuid": "Compendium.dnd5e-martyr-class.martyr-class-features.vindictive-divinity",
              "level": 17
            },
            {
              "uuid": "Compendium.dnd5e-martyr-class.martyr-class-features.apocalyptic-affinity",
              "level": 20
            }
          ],
          "optional": false
        },
        "value": {},
        "level": 1,
        "title": "Features",
        "icon": "",
        "_id": "features001"
      },
      {
        "type": "AbilityScoreImprovement",
        "configuration": {
          "points": 2,
          "cap": 2
        },
        "value": {},
        "level": 4,
        "title": "Ability Score Improvement",
        "icon": "",
        "_id": "asi001"
      },
      {
        "type": "AbilityScoreImprovement",
        "configuration": {
          "points": 2,
          "cap": 2
        },
        "value": {},
        "level": 8,
        "title": "Ability Score Improvement",
        "icon": "",
        "_id": "asi002"
      },
      {
        "type": "AbilityScoreImprovement",
        "configuration": {
          "points": 2,
          "cap": 2
        },
        "value": {},
        "level": 12,
        "title": "Ability Score Improvement",
        "icon": "",
        "_id": "asi003"
      },
      {
        "type": "AbilityScoreImprovement",
        "configuration": {
          "points": 2,
          "cap": 2
        },
        "value": {},
        "level": 16,
        "title": "Ability Score Improvement",
        "icon": "",
        "_id": "asi004"
      },
      {
        "type": "AbilityScoreImprovement",
        "configuration": {
          "points": 2,
          "cap": 2
        },
        "value": {},
        "level": 19,
        "title": "Ability Score Improvement",
        "icon": "",
        "_id": "asi005"
      }
    ],
    "saves": ["con", "wis"],
    "skills": {
      "number": 2,
      "choices": ["ath", "inti", "med", "per", "rel", "sur"],
      "value": []
    },
    "spellcasting": {
      "progression": "none",
      "ability": ""
    }
  }
}
