{
  "name": "Crucifixion",
  "type": "spell",
  "img": "icons/magic/death/skull-horned-goat-pentagram-red.webp",
  "system": {
    "description": {
      "value": "<p>Spectral chains pierce your hands; you fall prone and take <strong>1d6 piercing</strong> damage. Each enemy in the radius makes a CON save:</p><p><strong>Fail:</strong> stunned for 1 round.</p><p><strong>Success:</strong> frightened of you for 1 round.</p>",
      "chat": "",
      "unidentified": ""
    },
    "source": "Martyr Class",
    "activation": {
      "type": "action",
      "cost": 1,
      "condition": "Path of the Sun only"
    },
    "duration": {
      "value": 1,
      "units": "round"
    },
    "target": {
      "value": 30,
      "width": null,
      "units": "ft",
      "type": "sphere"
    },
    "range": {
      "value": null,
      "long": null,
      "units": "self"
    },
    "uses": {
      "value": null,
      "max": "",
      "per": null,
      "recovery": ""
    },
    "consume": {
      "type": "attribute",
      "target": "flags.dnd5e-martyr-class.mercy",
      "amount": 10
    },
    "ability": "wis",
    "actionType": "save",
    "attackBonus": "",
    "chatFlavor": "Self-sacrifice to control enemies",
    "critical": {
      "threshold": null,
      "damage": ""
    },
    "damage": {
      "parts": [
        ["1d6", "piercing"]
      ],
      "versatile": ""
    },
    "formula": "",
    "save": {
      "ability": "con",
      "dc": null,
      "scaling": "spell"
    },
    "level": 1,
    "school": "enc",
    "components": {
      "value": "",
      "vocal": true,
      "somatic": true,
      "material": false,
      "ritual": false,
      "concentration": false
    },
    "materials": {
      "value": "",
      "consumed": false,
      "cost": 0,
      "supply": 0
    },
    "preparation": {
      "mode": "prepared",
      "prepared": false
    },
    "scaling": {
      "mode": "none",
      "formula": ""
    }
  },
  "ownership": {
    "default": 0,
    "PLAYER": 2,
    "ASSISTANT": 3
  },
  "flags": {},
  "_stats": {
    "systemId": "dnd5e",
    "systemVersion": "3.3.1",
    "coreVersion": "12.331",
    "createdTime": 1736445600000,
    "modifiedTime": 1736445600000,
    "lastModifiedBy": "martyrmodule"
  },
  "folder": null,
  "sort": 140000,
  "_id": "crucifixion"
}