{
  "name": "Dark Penance",
  "type": "spell",
  "img": "icons/magic/death/blood-drip-droplet-red.webp",
  "system": {
    "description": {
      "value": "<p>When you hit with an opportunity attack, the target begins to bleed: it takes <strong>1 HP per 5 ft</strong> it moves for 1 minute. The bloody trail is <strong>difficult terrain</strong> for everyone except you and your allies. The effect ends early if the creature teleports or finishes a rest.</p>",
      "chat": "",
      "unidentified": ""
    },
    "source": "Martyr Class",
    "activation": {
      "type": "reaction",
      "cost": 1,
      "condition": "When hitting with opportunity attack"
    },
    "duration": {
      "value": 1,
      "units": "minute"
    },
    "target": {
      "value": 1,
      "width": null,
      "units": "",
      "type": "creature"
    },
    "range": {
      "value": 5,
      "long": null,
      "units": "ft"
    },
    "uses": {
      "value": null,
      "max": "",
      "per": null,
      "recovery": ""
    },
    "consume": {
      "type": "attribute",
      "target": "flags.dnd5e-martyr-class.vengeance",
      "amount": 5
    },
    "ability": "cha",
    "actionType": "other",
    "attackBonus": "",
    "chatFlavor": "Bleeding trail of punishment",
    "critical": {
      "threshold": null,
      "damage": ""
    },
    "damage": {
      "parts": [],
      "versatile": ""
    },
    "formula": "",
    "save": {
      "ability": "",
      "dc": null,
      "scaling": "spell"
    },
    "level": 2,
    "school": "nec",
    "components": {
      "value": "",
      "vocal": true,
      "somatic": false,
      "material": false,
      "ritual": false,
      "concentration": false
    },
    "materials": {
      "value": "",
      "consumed": false,
      "cost": 0,
      "supply": 0
    },
    "preparation": {
      "mode": "prepared",
      "prepared": false
    },
    "scaling": {
      "mode": "none",
      "formula": ""
    }
  }
}
