{
  "name": "Deconstruct Flesh",
  "type": "spell",
  "img": "icons/magic/death/skull-face-white-pink.webp",
  "system": {
    "description": {
      "value": "<p>A creature with flesh makes a CON save.</p><p><strong>Fail:</strong> <strong>5d8 necrotic</strong> and gains one level of exhaustion.</p><p><strong>Success:</strong> <strong>2d8 necrotic</strong>.</p>",
      "chat": "",
      "unidentified": ""
    },
    "source": "Martyr Class",
    "activation": {
      "type": "action",
      "cost": 1,
      "condition": "Path of the Moon only"
    },
    "duration": {
      "value": null,
      "units": "inst"
    },
    "target": {
      "value": 1,
      "width": null,
      "units": "",
      "type": "creature"
    },
    "range": {
      "value": 40,
      "long": null,
      "units": "ft"
    },
    "uses": {
      "value": null,
      "max": "",
      "per": null,
      "recovery": ""
    },
    "consume": {
      "type": "attribute",
      "target": "flags.dnd5e-martyr-class.vengeance",
      "amount": 40
    },
    "ability": "cha",
    "actionType": "save",
    "attackBonus": "",
    "chatFlavor": "Tear apart flesh and soul",
    "critical": {
      "threshold": null,
      "damage": ""
    },
    "damage": {
      "parts": [
        ["5d8", "necrotic"]
      ],
      "versatile": ""
    },
    "formula": "",
    "save": {
      "ability": "con",
      "dc": null,
      "scaling": "spell"
    },
    "level": 9,
    "school": "nec",
    "components": {
      "value": "",
      "vocal": true,
      "somatic": true,
      "material": false,
      "ritual": false,
      "concentration": false
    },
    "materials": {
      "value": "",
      "consumed": false,
      "cost": 0,
      "supply": 0
    },
    "preparation": {
      "mode": "prepared",
      "prepared": false
    },
    "scaling": {
      "mode": "none",
      "formula": ""
    }
  }
}
