{
  "name": "Eagleheart",
  "type": "spell",
  "img": "icons/creatures/birds/eagle-flying-wings-blue.webp",
  "system": {
    "description": {
      "value": "<p>A spectral eagle weaves through up to three allies you can see. Each regains <strong>1d4 + your Chosen modifier</strong> hit points. You take <strong>1d10 necrotic</strong> damage.</p>",
      "chat": "",
      "unidentified": ""
    },
    "source": "Martyr Class",
    "activation": {
      "type": "action",
      "cost": 1,
      "condition": "Path of the Sun only"
    },
    "duration": {
      "value": null,
      "units": "inst"
    },
    "target": {
      "value": 3,
      "width": null,
      "units": "",
      "type": "ally"
    },
    "range": {
      "value": 30,
      "long": null,
      "units": "ft"
    },
    "uses": {
      "value": null,
      "max": "",
      "per": null,
      "recovery": ""
    },
    "consume": {
      "type": "attribute",
      "target": "flags.dnd5e-martyr-class.mercy",
      "amount": 10
    },
    "ability": "wis",
    "actionType": "heal",
    "attackBonus": "",
    "chatFlavor": "Sacrifice for healing",
    "critical": {
      "threshold": null,
      "damage": ""
    },
    "damage": {
      "parts": [
        ["1d4 + @mod", "healing"]
      ],
      "versatile": ""
    },
    "formula": "",
    "save": {
      "ability": "",
      "dc": null,
      "scaling": "spell"
    },
    "level": 1,
    "school": "con",
    "components": {
      "value": "a feather",
      "vocal": true,
      "somatic": true,
      "material": true,
      "ritual": false,
      "concentration": false
    },
    "materials": {
      "value": "a feather",
      "consumed": false,
      "cost": 0,
      "supply": 0
    },
    "preparation": {
      "mode": "prepared",
      "prepared": false
    },
    "scaling": {
      "mode": "none",
      "formula": ""
    }
  },
  "ownership": {
    "default": 0,
    "PLAYER": 2,
    "ASSISTANT": 3
  },
  "flags": {},
  "_stats": {
    "systemId": "dnd5e",
    "systemVersion": "3.3.1",
    "coreVersion": "12.331",
    "createdTime": 1736445600000,
    "modifiedTime": 1736445600000,
    "lastModifiedBy": "martyrmodule"
  },
  "folder": null,
  "sort": 130000,
  "_id": "eagleheart"
}