{
  "name": "Edge of Mortality",
  "type": "spell",
  "img": "icons/magic/defensive/shield-barrier-deflect-gold.webp",
  "system": {
    "description": {
      "value": "<p>Reduce the incoming damage to <strong>0</strong> and redirect the same amount (after resistances) to the original source within 120 ft. Usable once per long rest.</p>",
      "chat": "",
      "unidentified": ""
    },
    "source": "Martyr Class",
    "activation": {
      "type": "reaction",
      "cost": 1,
      "condition": "When damage would reduce you to 0 HP"
    },
    "duration": {
      "value": null,
      "units": "inst"
    },
    "target": {
      "value": null,
      "width": null,
      "units": "",
      "type": "self"
    },
    "range": {
      "value": 120,
      "long": null,
      "units": "ft"
    },
    "uses": {
      "value": 1,
      "max": "1",
      "per": "lr",
      "recovery": ""
    },
    "consume": {
      "type": "attribute",
      "target": "flags.dnd5e-martyr-class.vengeance",
      "amount": 80
    },
    "ability": "cha",
    "actionType": "other",
    "attackBonus": "",
    "chatFlavor": "Death's door reversal",
    "critical": {
      "threshold": null,
      "damage": ""
    },
    "damage": {
      "parts": [],
      "versatile": ""
    },
    "formula": "",
    "save": {
      "ability": "",
      "dc": null,
      "scaling": "spell"
    },
    "level": 9,
    "school": "abj",
    "components": {
      "value": "",
      "vocal": false,
      "somatic": false,
      "material": false,
      "ritual": false,
      "concentration": false
    },
    "materials": {
      "value": "",
      "consumed": false,
      "cost": 0,
      "supply": 0
    },
    "preparation": {
      "mode": "prepared",
      "prepared": false
    },
    "scaling": {
      "mode": "none",
      "formula": ""
    }
  }
}
