{
  "name": "Flesh Storm",
  "type": "spell",
  "img": "icons/magic/death/undead-skeleton-rags-fire-green.webp",
  "system": {
    "description": {
      "value": "<p>A whirlwind of ethereal flesh erupts around you. Each hostile creature in the area makes a Wisdom save.</p><p><strong>Fail:</strong> <strong>5d8 necrotic</strong> damage.</p><p><strong>Success:</strong> half damage.</p><p>You regain hit points equal to <strong>½</strong> the total damage dealt.</p>",
      "chat": "",
      "unidentified": ""
    },
    "source": "Martyr Class",
    "activation": {
      "type": "action",
      "cost": 1,
      "condition": "Path of the Moon only"
    },
    "duration": {
      "value": null,
      "units": "inst"
    },
    "target": {
      "value": 20,
      "width": null,
      "units": "ft",
      "type": "sphere"
    },
    "range": {
      "value": null,
      "long": null,
      "units": "self"
    },
    "uses": {
      "value": null,
      "max": "",
      "per": null,
      "recovery": ""
    },
    "consume": {
      "type": "attribute",
      "target": "flags.dnd5e-martyr-class.vengeance",
      "amount": 20
    },
    "ability": "cha",
    "actionType": "save",
    "attackBonus": "",
    "chatFlavor": "Whirlwind of necrotic flesh",
    "critical": {
      "threshold": null,
      "damage": ""
    },
    "damage": {
      "parts": [
        ["5d8", "necrotic"]
      ],
      "versatile": ""
    },
    "formula": "",
    "save": {
      "ability": "wis",
      "dc": null,
      "scaling": "spell"
    },
    "level": 5,
    "school": "nec",
    "components": {
      "value": "",
      "vocal": true,
      "somatic": true,
      "material": false,
      "ritual": false,
      "concentration": false
    },
    "materials": {
      "value": "",
      "consumed": false,
      "cost": 0,
      "supply": 0
    },
    "preparation": {
      "mode": "prepared",
      "prepared": false
    },
    "scaling": {
      "mode": "none",
      "formula": ""
    }
  },
  "ownership": {
    "default": 0,
    "PLAYER": 2,
    "ASSISTANT": 3
  },
  "flags": {},
  "_stats": {
    "systemId": "dnd5e",
    "systemVersion": "3.3.1",
    "coreVersion": "12.331",
    "createdTime": 1736445600000,
    "modifiedTime": 1736445600000,
    "lastModifiedBy": "martyrmodule"
  },
  "folder": null,
  "sort": 500000,
  "_id": "flesh-storm"
}