{
  "name": "Spiteful Maneuver",
  "type": "spell",
  "img": "icons/weapons/swords/sword-winged-gray.webp",
  "system": {
    "description": {
      "value": "<p>If you have already hit a creature with a weapon attack this turn, you may immediately make one additional weapon attack.</p>",
      "chat": "",
      "unidentified": ""
    },
    "source": "Martyr Class",
    "activation": {
      "type": "bonus",
      "cost": 1,
      "condition": "After hitting with weapon attack this turn"
    },
    "duration": {
      "value": null,
      "units": "inst"
    },
    "target": {
      "value": null,
      "width": null,
      "units": "",
      "type": "self"
    },
    "range": {
      "value": null,
      "long": null,
      "units": "self"
    },
    "uses": {
      "value": null,
      "max": "",
      "per": null,
      "recovery": ""
    },
    "consume": {
      "type": "attribute",
      "target": "flags.dnd5e-martyr-class.vengeance",
      "amount": 15
    },
    "ability": "cha",
    "actionType": "other",
    "attackBonus": "",
    "chatFlavor": "Extra attack fueled by vengeance",
    "critical": {
      "threshold": null,
      "damage": ""
    },
    "damage": {
      "parts": [],
      "versatile": ""
    },
    "formula": "",
    "save": {
      "ability": "",
      "dc": null,
      "scaling": "spell"
    },
    "level": 4,
    "school": "evo",
    "components": {
      "value": "",
      "vocal": true,
      "somatic": false,
      "material": false,
      "ritual": false,
      "concentration": false
    },
    "materials": {
      "value": "",
      "consumed": false,
      "cost": 0,
      "supply": 0
    },
    "preparation": {
      "mode": "prepared",
      "prepared": false
    },
    "scaling": {
      "mode": "none",
      "formula": ""
    }
  },
  "ownership": {
    "default": 0,
    "PLAYER": 2,
    "ASSISTANT": 3
  },
  "flags": {},
  "_stats": {
    "systemId": "dnd5e",
    "systemVersion": "3.3.1",
    "coreVersion": "12.331",
    "createdTime": 1736445600000,
    "modifiedTime": 1736445600000,
    "lastModifiedBy": "martyrmodule"
  },
  "folder": null,
  "sort": 400000,
  "_id": "spiteful-maneuver"
}