{
  "name": "The Devil's Leverage",
  "type": "spell",
  "img": "icons/magic/unholy/hand-marked-red.webp",
  "system": {
    "description": {
      "value": "<p>Until the end of the turn, your next weapon attack roll has advantage. You forfeit your reaction during the following round.</p>",
      "chat": "",
      "unidentified": ""
    },
    "source": "Martyr Class",
    "activation": {
      "type": "bonus",
      "cost": 1,
      "condition": "Path of the Moon only"
    },
    "duration": {
      "value": 1,
      "units": "turn"
    },
    "target": {
      "value": null,
      "width": null,
      "units": "",
      "type": "self"
    },
    "range": {
      "value": null,
      "long": null,
      "units": "self"
    },
    "uses": {
      "value": null,
      "max": "",
      "per": null,
      "recovery": ""
    },
    "consume": {
      "type": "attribute",
      "target": "flags.dnd5e-martyr-class.vengeance",
      "amount": 5
    },
    "ability": "cha",
    "actionType": "other",
    "attackBonus": "",
    "chatFlavor": "Gain advantage, lose reaction next round",
    "critical": {
      "threshold": null,
      "damage": ""
    },
    "damage": {
      "parts": [],
      "versatile": ""
    },
    "formula": "",
    "save": {
      "ability": "",
      "dc": null,
      "scaling": "spell"
    },
    "level": 1,
    "school": "tra",
    "components": {
      "value": "",
      "vocal": false,
      "somatic": true,
      "material": false,
      "ritual": false,
      "concentration": false
    },
    "materials": {
      "value": "",
      "consumed": false,
      "cost": 0,
      "supply": 0
    },
    "preparation": {
      "mode": "prepared",
      "prepared": false
    },
    "scaling": {
      "mode": "none",
      "formula": ""
    }
  },
  "ownership": {
    "default": 0,
    "PLAYER": 2,
    "ASSISTANT": 3
  },
  "flags": {},
  "_stats": {
    "systemId": "dnd5e",
    "systemVersion": "3.3.1",
    "coreVersion": "12.331",
    "createdTime": 1736445600000,
    "modifiedTime": 1736445600000,
    "lastModifiedBy": "martyrmodule"
  },
  "folder": null,
  "sort": 120000,
  "_id": "the-devils-leverage"
}