{
  "name": "Veil of Suffering",
  "type": "spell",
  "img": "icons/magic/unholy/strike-body-life-soul-green.webp",
  "system": {
    "description": {
      "value": "<p>After you hit a creature with a weapon attack, it must make a Wisdom save. On a failure, the target is <strong>taunted</strong> until the end of its next turn.</p><p><em>A Martyr can cast at most one Free- or Bonus-action blood magic per round.</em></p>",
      "chat": "",
      "unidentified": ""
    },
    "source": "Martyr Class",
    "activation": {
      "type": "bonus",
      "cost": 1,
      "condition": "After hitting with weapon attack"
    },
    "duration": {
      "value": 1,
      "units": "round"
    },
    "target": {
      "value": 1,
      "width": null,
      "units": "",
      "type": "creature"
    },
    "range": {
      "value": 30,
      "long": null,
      "units": "ft"
    },
    "uses": {
      "value": null,
      "max": "",
      "per": null,
      "recovery": ""
    },
    "consume": {
      "type": "attribute",
      "target": "flags.dnd5e-martyr-class.vengeance",
      "amount": 5
    },
    "ability": "cha",
    "actionType": "save",
    "attackBonus": "",
    "chatFlavor": "Taunt enemies with suffering",
    "critical": {
      "threshold": null,
      "damage": ""
    },
    "damage": {
      "parts": [],
      "versatile": ""
    },
    "formula": "",
    "save": {
      "ability": "wis",
      "dc": null,
      "scaling": "spell"
    },
    "level": 2,
    "school": "enc",
    "components": {
      "value": "",
      "vocal": true,
      "somatic": true,
      "material": false,
      "ritual": false,
      "concentration": false
    },
    "materials": {
      "value": "",
      "consumed": false,
      "cost": 0,
      "supply": 0
    },
    "preparation": {
      "mode": "prepared",
      "prepared": false
    },
    "scaling": {
      "mode": "none",
      "formula": ""
    }
  }
}
