{
  "name": "Martyr",
  "type": "class",
  "img": "icons/magic/death/skull-bones-worn-brown.webp",
  "system": {
    "description": {
      "value": "<p>The Martyr understands that suffering is the ultimate path to self-realization. They obtain their powers through a profound connection to either the Sun or the Moon, aligning with paths of Mercy or Vengeance. Whether channeling the benevolent radiance of the Sun for healing and protection, or the wrathful shadows of the Moon for inflicting suffering, a Martyr's power is forged in sacrifice.</p><h3>Hit Points</h3><p><strong>Hit Dice:</strong> 1d10 per Martyr level</p><p><strong>Hit Points at 1st Level:</strong> 10 + your Constitution modifier</p><p><strong>Hit Points at Higher Levels:</strong> 1d10 (or 6) + your Constitution modifier per Martyr level after 1st</p><h3>Proficiencies</h3><p><strong>Armor:</strong> Light armor, Medium armor, Shields</p><p><strong>Weapons:</strong> Simple weapons, Greatsword, Maul, Heavy Crossbow</p><p><strong>Tools:</strong> None</p><p><strong>Saving Throws:</strong> Constitution, Wisdom</p><p><strong>Skills:</strong> Choose two from Athletics, Intimidation, Medicine, Persuasion, Religion, and Survival</p><h3>Equipment</h3><p>You start with the following equipment, in addition to the equipment granted by your background:</p><ul><li>(a) a greatsword or (b) a heavy crossbow</li><li>(a) a priest's pack or (b) an explorer's pack</li><li>Chain Shirt</li><li>A wooden idol or holy symbol</li></ul>",
      "chat": "",
      "unidentified": ""
    },
    "source": "Martyr Class",
    "identifier": "martyr",
    "levels": 1,
    "hitDice": "d10",
    "hitDiceUsed": 0,
    "advancement": [
      {
        "type": "HitPoints",
        "configuration": {},
        "value": {},
        "level": 1,
        "title": "Hit Points",
        "icon": "systems/dnd5e/icons/svg/hit-points.svg",
        "_id": "martyrhp001"
      },
      {
        "type": "ItemGrant",
        "configuration": {
          "items": [
            {
              "uuid": "Compendium.dnd5e-martyr-class.martyr-class-features.Item.vengeance-mercy-resource",
              "level": 1
            },
            {
              "uuid": "Compendium.dnd5e-martyr-class.martyr-class-features.Item.martyrs-insight", 
              "level": 1
            }
          ],
          "optional": false,
          "spell": null
        },
        "value": {
          "added": {},
          "replaced": {}
        },
        "level": 1,
        "title": "Features",
        "icon": "systems/dnd5e/icons/svg/item-grant.svg",
        "_id": "martyrgrant001"
      },
      {
        "type": "ItemGrant",
        "configuration": {
          "items": [
            {
              "uuid": "Compendium.dnd5e-martyr-class.martyr-class-features.Item.double-edged-blade",
              "level": 2
            },
            {
              "uuid": "Compendium.dnd5e-martyr-class.martyr-class-features.Item.martyr-spellcasting",
              "level": 2
            }
          ],
          "optional": false,
          "spell": null
        },
        "value": {
          "added": {},
          "replaced": {}
        },
        "level": 2,
        "title": "Level 2 Features",
        "icon": "systems/dnd5e/icons/svg/item-grant.svg",
        "_id": "martyrgrant002"
      },
      {
        "type": "ItemGrant",
        "configuration": {
          "items": [
            {
              "uuid": "Compendium.dnd5e-martyr-class.martyr-class-features.Item.retribution",
              "level": 3
            }
          ],
          "optional": false,
          "spell": null
        },
        "value": {
          "added": {},
          "replaced": {}
        },
        "level": 3,
        "title": "Level 3 Features",
        "icon": "systems/dnd5e/icons/svg/item-grant.svg",
        "_id": "martyrgrant003"
      },
      {
        "type": "ItemChoice",
        "configuration": {
          "choices": {
            "3": {
              "count": 1,
              "replacement": false
            }
          },
          "allowDrops": true,
          "type": "subclass",
          "pool": [
            {
              "uuid": "Compendium.dnd5e-martyr-class.martyr-subclasses.Item.disciple-of-the-moon"
            },
            {
              "uuid": "Compendium.dnd5e-martyr-class.martyr-subclasses.Item.disciple-of-the-sun"
            }
          ],
          "spell": null,
          "restriction": {
            "type": "class",
            "subtype": "",
            "level": ""
          }
        },
        "value": {
          "added": {},
          "replaced": {}
        },
        "level": 3,
        "title": "Mortal Devotion",
        "icon": "systems/dnd5e/icons/svg/item-choice.svg",
        "_id": "martyrchoice001"
      },
      {
        "type": "AbilityScoreImprovement",
        "configuration": {
          "points": 2,
          "cap": 2,
          "fixed": {},
          "type": "asi"
        },
        "value": {
          "type": "asi",
          "assigned": {}
        },
        "level": 4,
        "title": "Ability Score Improvement",
        "icon": "systems/dnd5e/icons/svg/ability-score-improvement.svg",
        "_id": "martyrasi001"
      },
      {
        "type": "AbilityScoreImprovement",
        "configuration": {
          "points": 2,
          "cap": 2,
          "fixed": {},
          "type": "asi"
        },
        "value": {
          "type": "asi",
          "assigned": {}
        },
        "level": 8,
        "title": "Ability Score Improvement",
        "icon": "systems/dnd5e/icons/svg/ability-score-improvement.svg",
        "_id": "martyrasi002"
      },
      {
        "type": "AbilityScoreImprovement",
        "configuration": {
          "points": 2,
          "cap": 2,
          "fixed": {},
          "type": "asi"
        },
        "value": {
          "type": "asi",
          "assigned": {}
        },
        "level": 12,
        "title": "Ability Score Improvement",
        "icon": "systems/dnd5e/icons/svg/ability-score-improvement.svg",
        "_id": "martyrasi003"
      },
      {
        "type": "AbilityScoreImprovement",
        "configuration": {
          "points": 2,
          "cap": 2,
          "fixed": {},
          "type": "asi"
        },
        "value": {
          "type": "asi",
          "assigned": {}
        },
        "level": 16,
        "title": "Ability Score Improvement",
        "icon": "systems/dnd5e/icons/svg/ability-score-improvement.svg",
        "_id": "martyrasi004"
      },
      {
        "type": "AbilityScoreImprovement",
        "configuration": {
          "points": 2,
          "cap": 2,
          "fixed": {},
          "type": "asi"
        },
        "value": {
          "type": "asi",
          "assigned": {}
        },
        "level": 19,
        "title": "Ability Score Improvement",
        "icon": "systems/dnd5e/icons/svg/ability-score-improvement.svg",
        "_id": "martyrasi005"
      },
      {
        "type": "ItemGrant",
        "configuration": {
          "items": [
            {
              "uuid": "Compendium.dnd5e-martyr-class.martyr-class-features.Item.apocalyptic-affinity",
              "level": 20
            }
          ],
          "optional": false,
          "spell": null
        },
        "value": {
          "added": {},
          "replaced": {}
        },
        "level": 20,
        "title": "Capstone Feature",
        "icon": "systems/dnd5e/icons/svg/item-grant.svg",
        "_id": "martyrgrant020"
      }
    ],
    "saves": ["con", "wis"],
    "skills": {
      "number": 2,
      "choices": ["ath", "inti", "med", "per", "rel", "sur"],
      "value": []
    },
    "spellcasting": {
      "progression": "none",
      "ability": ""
    },
    "wealth": "4d4 × 10",
    "hp": {
      "value": 10,
      "min": 10,
      "max": 10
    }
  },
  "ownership": {
    "default": 0,
    "PLAYER": 2,
    "ASSISTANT": 3
  },
  "flags": {},
  "_stats": {
    "systemId": "dnd5e",
    "systemVersion": "3.3.1",
    "coreVersion": "12.331",
    "createdTime": 1736445600000,
    "modifiedTime": 1736445600000,
    "lastModifiedBy": "martyrmodule"
  },
  "folder": null,
  "sort": 0,
  "_id": "martyrclass001"
}
